Ajay	Kumar	miku.ajay89@gmail.com
Radhika	Agrawal	radhika.agrawal@alstomgroup.com
Mahesh	J	mahesh-chandra-anand.jella@alstomgroup.com
Seshadri	Comandur Srinivasa	seshadri.comandur-srinivasa@alstomgroup.com
Thakur	Anshuman Singh	thakur.anshuman-singh@alstomgroup.com
Prachi	Srivastava	prachi.srivastava@alstomgroup.com
Arunkumar	Arivaradhan	arunkumar.arivaradhan@alstomgroup.com
NAMAMI	DAS	namami.das@alstomgroup.com
Kumaresan	P	kumaresan.p@alstomgroup.com
Baburaj	Sudhakaran	baburaj@ftdinfocom.com
Pradosh	Anandan	pradosh.anandan@alstomgroup.com
Praveen	K	praveen.k@alstomgroup.com
Partho	Ganguly	partho.ganguly@alstomgroup.com
Santosh	Jagu	santosh.jagu@alstomgroup.com
visweswara	rao	visweswara-rao.dhanimireddy@alstomgroup.com
Laji	C A	laji.c-a@alstomgroup.com
Apser	Basha	apser.basha-a@alstomgroup.com
Vivek	Bajpai	vivek.bajpai@alstomgroup.com
Pavithra	N	pavithra.n@alstomgroup.com
Sandeep	Chawla	sandeep.chawla@alstomgroup.com
Abinaya	Sundaram	abinaya.sundaram@alstomgroup.com
Harsumeet	Kaur	harsumeet.kaur@alstomgroup.com
Shruthi	C R	shruthi.cr@alstomgroup.com
ajay	Kumar	ajay.kumar-2@alstomgroup.com
Narendrakumar	Kompelli	narendra-kumar.kompelli@alstomgroup.com
vinod	verma	vinod.kumar-verma@alstomgroup.com
Vishal Vijay	Hasure	vishal.hasure@alstomgroup.com
Karun Deep	Kolla	karun-deep.kolla@alstomgroup.com
Aditya	Kulkarni	aditya.kulkarni@alstomgroup.com
Thanuja	G	thanuja.g@alstomgroup.com
Digvijay	Singh Bhati	digvijay.singh-bhati@alstomgroup.com
